product_name,pid,user id,rating
frontech jil 0821 jil - 0821 USB USB Hub,USGEE5V4XBZRADYK,OxLQeiMPEZ,3
Huawei WS331c -300 Mbps Wireless Range Extender,RTREFWYNH9RGDCQK,OxLQeiMPEZ,3
Raghav India RICP_077,GLSEDFCZUZVUPGDE,OxLQeiMPEZ,1
"Srsb Dora Balloon, Train Art Plastic Pencil Box",PBXEANEFFA8P46FZ,OxLQeiMPEZ,5
Belkin Dual-Band Wireless Range Extender,RTRDETBCPG9XNHUY,OxLQeiMPEZ,5
Spice Ladies Loafers,SHOEYVXVYAVXACCW,OxLQeiMPEZ,5
Anna Andre Paris Floralina & Red Horizon Combo Set,CAGDTN27DEWJYUHK,OxLQeiMPEZ,4
Brandvilla Shoulder Bag,HMBEJ9H43PGQWANN,OxLQeiMPEZ,3
Exotic India Lord Ganesha Playing Flute (Carved in Sunstone) Showpiece  -  6.8580000000000005 cm,SHIE3QDHP5RDGMZY,OxLQeiMPEZ,1
Allure Auto CM 323 Car Mat Hyundai Accent,CRTECN2QSGCA6CSF,OxLQeiMPEZ,5
Revlon Liquid powder foundation Foundation,FNDEF6A7FFFJWJWE,ybGax9jaA7,5
8513c63499dc850be1ef12a7a426cf73,Myesquire Oval Electric Aroma Lemongrass Liquid Air Freshener,ybGax9jaA7,4
64f1a483809033719f85e5af548bf24e,Prithish Strength You Need For Tomorrow Ceramic Mug,ybGax9jaA7,5
f2c84bd3055d4475d9c17a41202671e4,Allure Auto CM 874 Car Mat Ford Endeavour,ybGax9jaA7,2
7d1fb2eaf59cb4fad99202ffc46b40dc,OASIS WALLCHARGER_G_03 Battery Charger,ybGax9jaA7,4
374e63028d691c380bc43b0dc60e460d,@home Glass Vase,ybGax9jaA7,3
e920cf23fa55a8c5538d65b5f0dcfd33,Nechams Resin Magnetic Magnetic Melamine Small Whiteboards,ybGax9jaA7,2
553aa0252537751d153e7c50029f0242,Adino ADF04 Analog Watch  - For Girls,ybGax9jaA7,1
bd9961598ad1c1b9c62785f9f14466dd,Fashion Bizz Shoulder Bag,ybGax9jaA7,3
24e6e04828b259572f306e6ed3a25a82,Allure Auto CM 93 Car Mat Mitsubishi Cielo,ybGax9jaA7,1
0b8c4bc35aee94af356cb1fd2dfa0219,Prestige Deluxe Plus 10 L Pressure Cooker,ybGax9jaA7,1
04c9374e6f69d2ca8e686b94b6f9be70,D-Link DIR-605L Wireless N300 Cloud Router,ybGax9jaA7,3
Asian Walking Shoes,SHOEHVZPEFK8DAWV,xqLiQ23uoq,5
Aimedu Toy Combo Pack Of 6 Frames And 1 Carving Board No. For Kids Learning - Kids Toy,ETYEGW59FFDEFGMU,xqLiQ23uoq,5
Prithish Sagittarius Ceramic Mug,MUGE9HRRBJMYQVGR,xqLiQ23uoq,2
Prithish Got that Shit you can't Teach Ceramic Mug,MUGE8S9K9YBFCGQV,xqLiQ23uoq,4
Boreal Roller Brush,HRBEHD9WUWPAWRDZ,xqLiQ23uoq,4
Art Antiqua AA-1203091-Reading Ganesha Showpiece  -  9 cm,SHIEA3GYUGTA4T2A,xqLiQ23uoq,5
Wave Walk Deuro Slip On Shoes,SHOEYAYFVXGSD6ES,xqLiQ23uoq,3
V4STYLES Loafers,SHOEG7F93DH5QZXZ,xqLiQ23uoq,3
United Colors Of Benetton Sport Combo Set,CAGEA3JMBZUV5DQV,xqLiQ23uoq,2
Sukhson India Gold Plated Decorative Platter,DEPEE992T9RYUUHR,xqLiQ23uoq,1
HH Oval Sunglasses,SGLEJJ6HEU8GVW4W,xqLiQ23uoq,2
FabHomeDecor Fabric Double Sofa Bed,SBEEH3QGU7MFYJFY,xqLiQ23uoq,1
Liza Women Heels,SNDE5YYS52XEGFUY,xqLiQ23uoq,1
Enthopia Back Cover for iPad,ACCDXB9QFNUVBRKZ,xqLiQ23uoq,5
Sonilex Sl-400dlfm Wired Home Audio Speaker,ACCEGH7AFNBQXZJQ,xqLiQ23uoq,5
SKY TRENDS GIFT Square Wood Coaster,COAEJR9HJP5BXJQD,bm0XMAtPof,5
ARB HP Compaq Presario CQ45 Replacement 6 Cell Laptop Battery,ACCDX9Y48Z8Y5XNG,bm0XMAtPof,5
Sonata 7016YM09 Watch,WATDZ2ZQK6VS9DB4,bm0XMAtPof,3
franco Loafers,SHOEJCZ2JNGJSPEJ,bm0XMAtPof,1
Allure Auto CM 369 Car Mat Maruti Swift,CRTECN2QYV9WPJUC,bm0XMAtPof,2
Shop Swipe Anti-Radiation Retro Style Wired Headphones,ACCEGZ8EWQ7RMZTZ,bm0XMAtPof,3
Tapawire Portable USB Flexible Stick Dimmable Touch Switch 10 Super Bright LED Reading Lamp B00 USB Led Light,USGEDRPHJHRGHJNH,bm0XMAtPof,4
Sumeet Hard Anodised 12 Kadhai 2 L,PTPE3KKX3DBHYFVX,Km0EE0QqOR,3
Raw Hide Women Wedges,SNDEFS7QNHMY8NG7,Km0EE0QqOR,2
Speedwav Bike Loud Hooter Dog -Hero Hunk 200 dB Vehicle Horn,VHREB3NZZ3YCJX9R,Km0EE0QqOR,1
Orientel Big Bird Mounth double Cip Car Mount Holder for mobile phone upto 6 inches,ACCE74HCBUZZYH2X,Km0EE0QqOR,2
Coddle Pocket Cloth Diaper Plus A Microfiber Insert,NPYEDKU4ZQ2KTE3W,Km0EE0QqOR,2
MSL Classic Women Wedges,SNDE25SG2HRJF9JH,Km0EE0QqOR,5
"LAWMAN PG3 Striker, Contender, Freestyler Deodorant Spray  -  For Men",DEOEG9GYZZAFPDPC,Km0EE0QqOR,2
Funcart Devil Party Mask,MAKEJAP85CGFDYNE,Km0EE0QqOR,2
Yuccabe Italia Plant Container Set,PCSE4TF4R4GG6K2D,Km0EE0QqOR,1
Real Blue Canvas Shoes,SHOEBP66SBGGU9ZY,Km0EE0QqOR,2
R.B Cotton Bath Towel,BTWEBGZ3YVTGG65G,Km0EE0QqOR,3
Legato Rugsack Bag 2.5 L Backpack,BKPEGXU9NZQRQGF2,Km0EE0QqOR,2
Sentinel Mak Furige Model 07,AFGEFJSNF4QCGMXZ,Km0EE0QqOR,3
Skovin Boy School Shoes Lace Up,SHOEGDT7PZMGHKQF,Km0EE0QqOR,3
Zeva Keepz U On Combo Set,CAGDYD53CFZYCBVY,Km0EE0QqOR,4
Sunvi Rajasthani Stonework Mobile Stand Showpiece  -  11 cm,SHIEB7A6NCNJNZJD,My4vYRnZmc,5
Indidecor Double Magic Magnet Slate,ETYEFRFG7G6FKP8H,My4vYRnZmc,1
Neopack Universal Screen Mount,ACCEAY5YHCXTV8XR,My4vYRnZmc,5
Allure Auto CM 130 Car Mat Toyota Etios,CRTECN2QZNXTGGXG,My4vYRnZmc,4
Maxima 14758CPGY Mac Gold Analog Watch  - For Men,WATE4S5RSMUXXPNV,My4vYRnZmc,3
Urban Monk Creations umcgramo Showpiece  -  28 cm,SHIEBWHS3JFEXUSK,My4vYRnZmc,1
Printland PMBA1922 Ceramic Mug,MUGEBFGFCWPFX4SZ,My4vYRnZmc,4
Newgen Tech NGT-38 Sim Adapter,SADEGYY4GFWHB68N,My4vYRnZmc,5
Babyoye Premium Dog Face Bib,BIBEGG7GZBKUAE8C,My4vYRnZmc,5
Wise Guys Micky Mouse Cartoon Art Plastic Pencil Box,PBXE6FYZPH3E293Y,My4vYRnZmc,3
Viari Hand-held Bag,HMBEGYZXBWJ3TPS4,My4vYRnZmc,1
Rajo Raja Mahavastu Buddha Artpiece Showpiece  -  20.5 cm,SHIEC8AT4ENZVG72,My4vYRnZmc,5
Nillkin NIMS12 Mirror Screen Guard for Nokia Lumia 530,ACCEFABMRTNCSHJ8,My4vYRnZmc,3
Speedwav 240450 Sun Shade For Maruti WagonR,SUDEHYGVYJBUNY3A,yZ4bksxpK2,5
Naaz 2 in 1 Paper Quilling Board Game,BDGEGEGCMBZEBC4S,yZ4bksxpK2,4
Itiha 3 inch White Rice Lights,RCLEC88FDFFHFZ8N,yZ4bksxpK2,5
Black Stallion Jumbo without lid Kadhai 6.5 L,PTPDYVTSEF3BDWMZ,yZ4bksxpK2,4
Maple Universal with lid Kadhai 0.025 L,PTPE2Y3XXK9XGJCZ,yZ4bksxpK2,3
i-gadgets Royal Enfield Thunderbird and Bottle opener Compass Key Chain,CBREGH79HVGFZQYW,yZ4bksxpK2,2
Pristine Towels Cotton Bath Towel,BTWEDGG4G3GKERJQ,yZ4bksxpK2,1
Gillette Sport Protect and Power Rush Combo Set,CAGE5QJGHCGQNQVU,yZ4bksxpK2,1
"Auraa Men's, Women's Solid No Show Socks",SOCEGGZ8MHX79YGA,yZ4bksxpK2,4
Yardley 2 Combo Set,CAGE52QH9EBHJ4ME,yZ4bksxpK2,1
Printland PMR1834 Ceramic Mug,MUGEBFGF4ZDPGTZZ,yZ4bksxpK2,4
Bhalaria Oval Dessert Fork Stainless Steel Dessert Fork Set,FRKEGVUMUKUSSTAD,yZ4bksxpK2,2
Allure Auto CM 367 Car Mat Maruti Ritz,CRTECN2QYNFWAQHM,yZ4bksxpK2,5
LRB Slippers,SFFEHQVASF8FGSD7,yZ4bksxpK2,3
NEWGEN TECH EO-HS3303 171 Wired Headset,ACCEGGAYDMUYE7SK,yZ4bksxpK2,3
Adidas Combo Set,CAGE22EE8ZG8HCS6,xNmikh3Qa6,4
Nendoroid Wf2014Winter Limited Tomoe Mami Good Smile Company [Japan],AFGEFJSDPDENNGTZ,xNmikh3Qa6,5
Imported Long Lazy Mobile Holder Stand,ACCEY6JYDGGESWXC,xNmikh3Qa6,2
Hitch Boots,SHOED8FAHTWYDVZP,xNmikh3Qa6,4
SKC Steering Cover,CSOE2V29ZTH5A3QU,xNmikh3Qa6,2
Basta Shoulder Bag,HMBE777EERDZYKWD,xNmikh3Qa6,1
Unique Collections Jacquard Sofa Cover,SLIEHUFGN6EAJZZV,xNmikh3Qa6,4
Pigeon Gravy Premium with Lid Kadhai 6 L,PTPDVPEXYZGYEEFG,xNmikh3Qa6,4
Adorn Women Heels,SNDEHZPHCXP7ZTFA,xNmikh3Qa6,1
Onlinemart 2015-2016 Compatible for Toshiba AC 126 Remote Controller,REMEBFKHJ8535HP4,xNmikh3Qa6,4
Babeezworld Dungaree Baby Boy's  Combo,ACBEGNTVH7QYGJZU,xNmikh3Qa6,2
Palakz Sporty Pencil Pouch Art Nylon Pencil Box,PBXEA8VKDNFPZAKP,5b5upspULj,3
HIMMLISCH Stmpl1310 Car Armrest-Beige Car Armrest,VAREGHJHAH6GXVVF,5b5upspULj,4
"Italian Fashion wt259 Analog Watch  - For Girls, Women",WATEHYW2GJW9SZYZ,5b5upspULj,3
Mxofere Combo Sandal Turmeric Almond Honey Jasmine Papaya Aloevera Soap Kit,CBKEBVA8ET8EDCCA,5b5upspULj,1
MK Blenze DW411WHI 16A White Switch 15 One Way Electrical Switch,SCHE4ZYTVE8DY5PP,5b5upspULj,5
Casotec Plexible LED Light 275013 Led Light USB Led Light,USGEB59MTEDYZGZH,5b5upspULj,3
Diviniti DG 4 Khanda Sahib With Gold Plated Foil Wall Hanging Showpiece  -  37 cm,SHIEB85ZA9EMJ4BZ,5b5upspULj,5
Speedo Logo Panel Aquashort Graphic Print Men's,SWIEH37JZCRUTUD2,5b5upspULj,2
Sonata 7016YM04 Watch,WATDZ2ZQE9C7GQVK,5b5upspULj,3
Times 373TMS373 Party-Wedding Analog Watch  - For Women,WATE9GY45FP9GKUB,5b5upspULj,5
Blacksmith Analog Wall Clock,WCKE2TFYRTHGTUTC,5b5upspULj,1
Xiao Zhi Xiong 065 Pouch Tower Art Cloth Pencil Box,PBXE68H4BURDZ6VT,5b5upspULj,2
Easy Gardening 10 Inch Square Plant Container Set,PCSE93H4FSGSJHU6,5b5upspULj,1
JewelKraft Designs Grey Table Linen Set,TLSEHUFDYMAWZ8AV,5b5upspULj,2
ARRA Engineered Wood 2 Seater Sofa,SOFEDVYZZJME6AJR,5b5upspULj,4
Flippd FDRBB2814(orange) Fibre Analog Watch  - For Men,WATEYUZXN2DHGZ36,5b5upspULj,4
Allure Auto CM 120 Car Mat Tata Sumo,CRTECN2QTBFPEZWQ,olJ6kIkcXe,3
Ganga 2110 Eva Wall Mixer With Bend For Arrangement of Overhead Shower Faucet Set,FSEEJVNPCDNP3QGG,olJ6kIkcXe,1
ULTRAVISION Full Rim Round Frame,FRAEJXP9XXVAHYWK,olJ6kIkcXe,4
PeepalComm Premium Ball Pen,PENEGZ6RHFWHX7JX,olJ6kIkcXe,2
Tiedribbons We Love Mom Tile Showpiece  -  28 cm,SHIE6ZSBWKWVVNB2,olJ6kIkcXe,1
Pollo Slip On,SHOEJQCKU9ZRGJT8,olJ6kIkcXe,3
Shoe Centre Women Heels,SNDE8B3PAXZESCKK,olJ6kIkcXe,2
Prithish Oh Crap ! She's Up Ceramic Mug,MUGE6A5HZUJ924WH,olJ6kIkcXe,3
Rockmantra Cute Red Peek Parrot Ceramic Mug,MUGEAGGKZFD7ME7F,olJ6kIkcXe,1
Intex Baby Bed Inflatable Interactive,IFPE7828KFDGJKTZ,olJ6kIkcXe,5
Speedwav Red LED Strobe Brake Lights Set Of 2-Force One Projector Lens,BPLEB98QVR2YZES7,olJ6kIkcXe,2
Gliders Casual Shoes,SHOEDDYYZY8C3X2K,Z52J7fdFu2,2
Printland PMR1016 Ceramic Mug,MUGEBFGFDQYJG5TW,Z52J7fdFu2,4
Shortkut enterprises Model no 477 Mobile/Tablet Speaker,ACCEGUY9UY7UQTNF,Z52J7fdFu2,1
Packy Poda Car Mat Mahindra Xylo,CRTEHZVWXUFJN78Y,Z52J7fdFu2,5
Karta B Bear With Sharpner and game Art Plastic Pencil Box,PBXED6C4VKS6S9VQ,Z52J7fdFu2,3
Peach 3mm Premium Green Pan Kadhai 2.5 L,PTPEB88UTZRHHVXD,Z52J7fdFu2,3
Esteem Baby Boy's Drawer,BLREFZGNFDU3KFPH,Z52J7fdFu2,1
Asics Gel-Kayano 22 Running Shoes,SHOEHEP5H5XGFZJY,Z52J7fdFu2,5
Leebo LED Headlight For Suzuki Sling,HLUEJQ3S5PTUUDUH,Z52J7fdFu2,2
D-Link DAP1320,RTREGG8F83DMYHPE,Z52J7fdFu2,3
The Art Box Floral Single Dohar Multicolor,BLAEE2PMGWCZFFGG,Z52J7fdFu2,1
Brandvilla Shoulder Bag,HMBEJ9H43PGQWANN,Z52J7fdFu2,2
Speedwav Single Pipe Car Air Pressure -Chevrolet Aveo 200 dB Vehicle Horn,VHREB3ZYMXSW9RZT,Z52J7fdFu2,5
K&P Lord Ganesha Regular 16 Showpiece  -  13 cm,SHIEHGXG5PNH2HEF,Z52J7fdFu2,3
narayan export Analog Wall Clock,WCKEGGN2J66F3KAF,Z52J7fdFu2,3
Revlon Charlie Deo'S Crystal Chic & Neon Combo Set,CAGE9ENYESDHRAZG,Z52J7fdFu2,1
Hand Art Showpiece  -  38 cm,SHIEGWTYGF2TFDPP,DpAxdl9M3P,4
Milton Opaque Series 630 ml Water Bottle,WBTE6NV5KGNNHHUZ,DpAxdl9M3P,3
Nuride Canvas Shoes,SHOEGVQCT2ZSGUHY,DpAxdl9M3P,5
Shopat7 Avengers Averngrs Art Plastic Pencil Box,PBXEDAVHCC3P7HA9,DpAxdl9M3P,1
"Sonata super fiber Digital Watch  - For Boys, Men, Girls",WATECFYFXUKZGCVF,DpAxdl9M3P,2
TP-Link Archer C20 AC750 Dual Band Router,RTRE8GKF2CUJ2GNN,DpAxdl9M3P,5
Chazer,SHOEGEV4TDKWVMAD,DpAxdl9M3P,1
Killer 2 Obsession Combo Set,CAGE9ZGYNRZCKNEF,DpAxdl9M3P,2
E-plant Plant Container Set,PCSE4A2ZBHGAVCDF,DpAxdl9M3P,3
Asus DSL-N55U Wireless-N600 Gigabit Router,RTRDA4U7UE3Z7UMB,DpAxdl9M3P,3
Conair Hair Dryer Bonnet,HDNEDVWYYQG7YDHB,DpAxdl9M3P,3
cherry crumble california Baby Boy's Dungaree,DRPEHQY8Z5UZFP7V,DpAxdl9M3P,3
Eaglemoss Publications Dc Superhero Chess & Magazine 55 Doomsday Black Rook,AFGEFJSGM4ZDHS3W,DpAxdl9M3P,5
Pet Club51 PC303 L Pet Bed,PEBEDMZDJRMHM6QP,DpAxdl9M3P,3
Redwave 360 Degree Powered Rotation Bluetooth Selfie Stick,SSKEGDY6TVVGYPMQ,DpAxdl9M3P,5
"Noise NOSWW025 Round Dial Jelly Analog Watch  - For Men, Women",WATDJYPXGCMMFZCX,DpAxdl9M3P,3
AKUP dream-big-work-hard Ceramic Mug,MUGEGZUHRUHN684R,DpAxdl9M3P,5
Maxima 24996PMLI Swarovski Analog Watch  - For Women,WATDP5NHCGSBNZZY,DpAxdl9M3P,1
Maxima 20141CMGI Attivo Analog Watch  - For Men,WATD9H76RG5FQT5Y,DpAxdl9M3P,3
TSG Breeze Printed Women's Round Neck Multicolor T-Shirt,TSHEGG9GBENXNKUZ,NIro3ZN76C,1
Dhiyaa Traders Alphabet R Key Chain,KECEGTXHZPBZHZDX,NIro3ZN76C,2
Sparklings Cotton Checkered Double Bedsheet,BDSEGZCETASFKSBF,NIro3ZN76C,4
Maxima 20981LMGI Attivo Analog Watch  - For Men,WATE4S5RKYHT9W3Z,NIro3ZN76C,4
Amscan 110227 Plastic Weight Sled,WTDEDGHHBXMZB2HG,NIro3ZN76C,3
Nutcase Sticker Wrap Design - North 800 ml Bottle,BOTEANCHDYHQHHBT,NIro3ZN76C,3
Yardley Morning Dew Combo Set,CAGE6FYKMJNKDUE7,NIro3ZN76C,4
DECOREX 12W LED Down Light (Warm White : Warm White) Night Lamp,TLPEGUHZHDWZN2QD,NIro3ZN76C,2
Jerry's Jppb11563 L Pet Bed,PEBED5CDN2ZYVDPV,NIro3ZN76C,5
i-Bag 1163 Backpack,BKPEFCTNBZPZ6SNZ,NIro3ZN76C,5
"Crazy Deal Men, Women",WTBEJ9RTQQMB9VYE,NIro3ZN76C,4
Being Nawab 6 inch Glass Hookah,HKHE62MHWS8ANGXU,XxYQWWoOI4,1
Anira Fashion Women Wedges,SNDEBKH7XHJFKG2H,XxYQWWoOI4,5
Nourish Cardboard 2-O- Folder,FAFEG28UFPZKPGUZ,XxYQWWoOI4,5
TRINK 6S Tempered Glass for APPLE IPHONE 6S,ACCEGR4DQFCCXNH8,XxYQWWoOI4,4
Regent Analog 28 cm Dia Wall Clock,WCKE56UCWPSXZMZS,XxYQWWoOI4,3
SAC FA-SG-18 X18 Showpiece  -  120 cm,SHIE7VFYJHKGMXUR,XxYQWWoOI4,1
Black Diamond Non Stick Kadhai with SS Lid 24.5 cm Black Kadhai,PTPDVPEXSVAC5GK7,CXaqC8mVwl,5
HIMMLISCH Stmpl1525 Car Armrest-Beige Car Armrest,VAREGHJHYJQYYJKA,CXaqC8mVwl,4
"The Intellect Bazaar Cotton Bath Towel, Baby Towel",BTWEE2GMPQGD56ZT,CXaqC8mVwl,3
Petshop7 PS7BED000406 L Pet Bed,PEBEBG4ZYWSSCABB,CXaqC8mVwl,3
Cenizas Western Mocassins,SHODTSJPKFRPAZKH,CXaqC8mVwl,2
Allure Auto CM 1514 Car Mat Mitsubishi Lancer,CRTECN2RQTBXZCNG,CXaqC8mVwl,4
OEM 170798 Bike Side Stand,BKAEGFWZ8SG6JUFG,CXaqC8mVwl,1
Sangaitap Combo Offer Of 2 Pes Flameless Rechargeable Electronic Windproof Eco Friendly For It Professional Unique USB Cigarette Lighter,USGEDC5SVDEVBMAJ,CXaqC8mVwl,3
Shonaya Printed Bhagalpuri Art Silk Sari,SAREGJY7NJ9QSCA8,CXaqC8mVwl,1
"Fastrack ND9912PP11J Teevirus Analog Watch  - For Men, Women",WATDKB7JA52JZRRU,CXaqC8mVwl,2
Diviniti DG Royal Ornamental Size 4 Allha religious wall hanging Showpiece  -  30.5 cm,SHIEBBWHC4YGH5GY,CXaqC8mVwl,2
My Party Suppliers 108 inch Multicolor Rice Lights,RCLECFE68HSMNMZF,CXaqC8mVwl,1
Cottage Hand-held Bag,HMBEJAFEXGBXZSQT,CXaqC8mVwl,4
Purple Circle 3 Compartments Cardboard Pen Stand,DKOEEY6F7TGXSD4X,CXaqC8mVwl,1
Raghav India RICP_077,GLSEDFCZUZVUPGDE,CXaqC8mVwl,2
Oros Mild Liquid Detergent with Conditioner Combo Set,CAGECT64KH6CZVMR,CXaqC8mVwl,1
ShadowFax Table Air Fan Cooler USB USB Fan,USGEE5ZTTUZDK6Z8,kGFUap0dYd,1
Finger's USB Fan Cum Power bank Black New USB USB Fan,USGEE4P5BUGKHE2M,kGFUap0dYd,1
Salt N Pepper 13-167 Marsha Red Boots,SHODUMFYYW5YGRQN,kGFUap0dYd,4
Allure Auto CM 1676 Car Mat Tata Indigo,CRTECN2QZVM6SHSJ,kGFUap0dYd,4
Allure Auto CM 2011 Car Mat Ford Fiesta,CRTECN2QYTYASGCP,kGFUap0dYd,3
Dicapac Grip Back Cover for Galaxy Note,ACCDSWHWFDAK95ZT,kGFUap0dYd,1
Marvel Cotton Bath Towel,BTWEE4HMGWFQPGWH,kGFUap0dYd,5
Loomkart Multicolor Cotton Dhurrie,CPGEGPXSHFFRHXBJ,kGFUap0dYd,3
Shopgalore Polyester Brown Abstract Eyelet Window & Door Curtain,CRNECHFGGNYG3KHR,kGFUap0dYd,3
Clicktin Waterproof Backpack,BAGE95FKJYAH9UUE,kGFUap0dYd,3
Balaji Art Lord Ganesha Pretty Pooja Idol - 14 cm Showpiece  -  14 cm,SHIEGVRFJT8B8HF8,kGFUap0dYd,3
Kemei Washable Body Groomer KM-6166 Trimmer For Men,SHVE5KZ9AYH4YSJ5,kGFUap0dYd,5
"Sakhi Styles Boys, Men",WTBEJ6ZNMSWNYHEU,kGFUap0dYd,4
Arden Dennis Classic Derby Casual Shoes,SHOEAEWUYGC3HPFN,kGFUap0dYd,3
V-Luma W600 Fashion Analog Watch  - For Men,WATEJAE8DFSKJDQE,kGFUap0dYd,3
loomkart Blue Polyester Runner,CPGEGVXFH5JUPUEX,U4w6ToZiUL,2
Bagru Crafts Floral Single Quilts & Comforters Multicolor,BLAEAHGV37V3A2GG,U4w6ToZiUL,4
BagsHub Shoulder Bag,HMBEJ9AGFGVNMYAZ,U4w6ToZiUL,2
Yves Bertelin YBSCR557 Analog Watch  - For Women,WATEHYHJZDVZXNHZ,U4w6ToZiUL,5
Allure Auto CM 829 Car Mat Tata Safari Storme,CRTECN2QZGCRKMXQ,U4w6ToZiUL,5
Lal Pet Products Lal1484 S Pet Bed,PEBEBQCZQHU5WNHC,U4w6ToZiUL,1
Ethnic Regalia Wooden Rajasthani Musicians Showpiece  -  10 cm,SHIEA4D3X89GGZSH,U4w6ToZiUL,2
Mxofere Combo Sandal Turmeric Soap And Aloevera Lemon Facewash Kit,CBKEBVA8THHJYWRF,NmrB8mubP4,4
ShopToSurprise Generic Photo Frame,PHFDX3DE5FDNXN8K,NmrB8mubP4,4
Harry Hill Athens Loafers,SHOEE6UHZZD83ZFN,NmrB8mubP4,1
Omic Poto-Blue 1000 ml Sipper,BOTEEMN6NM57HSBU,NmrB8mubP4,3
JQR JQR Sports Shoes Running Shoes,SHOEH76627H5HRHM,NmrB8mubP4,3
PRINT SHAPES Peacock Feather Laptop Skin with Mouse pad Combo Set,LACEGF4N8UFADEGZ,NmrB8mubP4,2
ARB HP Compaq Presario CQ45 Replacement 6 Cell Laptop Battery,ACCDX9Y48Z8Y5XNG,NmrB8mubP4,5
Himtek 9o V-99 USB Led Light,USGEE4WUZVXXNERF,NmrB8mubP4,5
"LAWMAN PG3 Striker, Contender, Freestyler Deodorant Spray  -  For Men",DEOEG9GYZZAFPDPC,NmrB8mubP4,5
Wildcraft Waist Pouch,SPBDEKSZ5JF9EYAC,NmrB8mubP4,3
Power Smart Quick Charging Pack For PAN CGAS005E DMWBMA7 Digi Camcorder  Camera Battery Charger,ACCEH5Z2YUKYQBFP,NmrB8mubP4,1
Agricart Daisy Double Mix Seed,PAEEAMGFVDHGDRG5,NmrB8mubP4,3
Rockmantra Gamming Wallpaper Ceramic Mug,MUGEAGGKJM5GUWQH,NmrB8mubP4,4
Sonata 7078YL04 Fiber Collection Analog Watch  - For Men,WATDZ2ZQTPKQZEHG,NmrB8mubP4,3
Allure Auto CM 1998 Car Mat Chevrolet Tavera,CRTECN2QXKXTKNRF,NmrB8mubP4,3
Darvesh Polypropelene Folder,FAFEJXZUYEKFCCXX,NmrB8mubP4,2
kits kart Pouch for Samsung Galaxy Grand Prime G530,ACCEGH6SSPNXVMWQ,NmrB8mubP4,1
Shoppingtara Elephant Pair Gift Showpiece  -  4 cm,SHIE7DFNVCR8KUGP,I6jB1bG7zB,1
Get Glamr Designer Uggy Boots,SHOEC8QGWFF2VXAN,I6jB1bG7zB,3
Elan A5 Journal Ring Bound,DIADSN4DSMJZWCPW,I6jB1bG7zB,3
Trudeau Stress-Less Wheel Pizza Cutter,PACE26UZUHFGYYHZ,I6jB1bG7zB,2
"Envy 1000 Nitro,Dark Combo Set",CAGEBTGGTRXATDHW,I6jB1bG7zB,1
Nikko VaporizR,RCTDHPZTWCHTKKSW,I6jB1bG7zB,1
Aardee Trendy Design Art Thick Fabric Pencil Box,PBXE7YBGGQSJXDNZ,I6jB1bG7zB,4
Belkin Dual-Band Wireless Range Extender,RTRDETBCPG9XNHUY,I6jB1bG7zB,3
Needbags 400514 R 19 L Laptop Backpack,BKPECS6HJVHHBKBC,I6jB1bG7zB,3
Rajdoot Loafers,SHOEGEXTGK5GGRW3,I6jB1bG7zB,5
Generix Android Smart Phone OTG OTG Cable,ACCEGKFG5VWCR3JG,I6jB1bG7zB,3
Stylistry Women Heels,SNDEF3R3VB55PJBX,I6jB1bG7zB,1
Pittsburgh Polo Club PBPC-505-GRN Analog Watch  - For Men,WATEHZZRXMHPPPCY,I6jB1bG7zB,1
YBC Women Pink PU Sling Bag,SLBEG67VYSJW2YXC,I6jB1bG7zB,4
Cellbazaar Blackberry 8520 WHITE LCD LCD,MDYEHDH9HMZPANGJ,U7R4qo5ZCj,1
KE TRAY TRAY Vanity Multi Purpose,VANEGDV9VWHGCEBN,U7R4qo5ZCj,3
Pet Club51 PC231 L Pet Bed,PEBEDMZD5CCAHTDK,U7R4qo5ZCj,4
Aston Paris Slippers,SFFEJZFVRAMYYP2P,U7R4qo5ZCj,4
Blissjunkies La12 Lanyard,LARED9QVZY4HTGKK,U7R4qo5ZCj,2
"fastrack 38015PL01 Analog Watch  - For Men, Boys",WATE9WKSHRYTM2PP,U7R4qo5ZCj,1
QP360 Smart LT-01-Brown USB Led Light,USGEC8ARDDMVUS7V,U7R4qo5ZCj,5
"Shopfloor.XYZ Vacuum Cleaner for Computers, Laptops, Mobiles",CLKEGH4ADYDTQFHE,U7R4qo5ZCj,2
Shoppingtara Kundan Meenakari Marble Mobile Stand With Clock Showpiece  -  8 cm,SHIE7DFNFZRPTGKD,U7R4qo5ZCj,5
Babeezworld Baby Boy's Romper,DRPEHYHG9YYHD2HH,U7R4qo5ZCj,3
The Crazy Me 1 Compartments Eco-Friendly leatherette Pen Stand,DKOEGY7FA4JM94BG,U7R4qo5ZCj,4
Power Smart Quick Charging Pack For PAN CGR-D28 D320 Digi Camcorder  Camera Battery Charger,ACCEHPWENYHHSF3D,nBOh4JCjnJ,3
Playboy London And Berlin Combo Set,CAGE4BQXSJPTBUS4,nBOh4JCjnJ,3
JJC LS - 52  Lens Hood,ACCDG38FUEYXRS5A,nBOh4JCjnJ,4
Furst USB Adapter with Cable For Core Prime Battery Charger,ACCEKFVXGGHZ9VES,nBOh4JCjnJ,4
DEBOCK DEBOCK Earphone For HTC Desire 320 Stereo Dynamic Headphone Wired Headphones,ACCEHZF95ZRCKACD,nBOh4JCjnJ,4
Uberlyfe Extra Large Pigmented Polyvinyl Films (Imported) Sticker,STIE5UVGW2JWVWCT,nBOh4JCjnJ,5
Wow Pouch for Lenovo A369i,ACCDYAGVFPSCPQUY,nBOh4JCjnJ,2
Allure Auto CM 716 Car Mat Chevrolet Optra,CRTECN2QVHHZ5THC,nBOh4JCjnJ,4
Chap Ice Chap Ice Tropical SPF-30 Lip Balm six different fruit flavor,LPBEG79TAW9PSJBU,4DHgTqGJe6,3
Buckle Up Chick Party Wear Shoes,SHOE6ZEBTRHQ4DDG,4DHgTqGJe6,3
Netgear D1500,RTREF3PRF3M9FMEF,4DHgTqGJe6,1
Myra Loafers,SHOEAMZZNMJH4UZM,4DHgTqGJe6,3
Arsalan Designer Pumpkin Permanent Color 10.5 inch Glass Hookah,HKHE5QUYGQAWURCP,4DHgTqGJe6,5
Rockmantra Nor Fighter Ceramic Mug,MUGEAGGKWW34AFH6,4DHgTqGJe6,5
Furry Printed Single Blanket Multicolor,BLAE7WMQJKGSDGHT,4DHgTqGJe6,2
Saviour HPSAVTHRW Saviour Tough Hat With Ratchet -White Fire Fighting Helmet,SHMECRVFSV5NVUC2,4DHgTqGJe6,1
Jojo Flip Cover for Prestigio Multipad 7.0 Ultra +,ACCEAFYW5QDXZJEH,4DHgTqGJe6,3
Gift Island AST613 Analog Watch  - For Women,WATE9GH8WRBSPWKJ,4DHgTqGJe6,1
"Done By None Women, Girls Heels",SNDEJGWQSWNHXXA3,4DHgTqGJe6,3
Leoxsys LEO-150N-3G-AD,RTRDP2HXHPPTGQHE,4DHgTqGJe6,2
Allure Auto CM 2067 Car Mat Maruti Gypsy,CRTECN2QTQQD8BEH,4DHgTqGJe6,2
Mad(e) in India Paithani A5 Diary Hard Bound,DIADYM2VE6PZGSK3,4DHgTqGJe6,5
Harry Hill Broklyn Loafers,SHOE7BZ8KYCYNDCG,4DHgTqGJe6,1
Furst USB Adapter with Cable For Dzire SV Battery Charger,ACCEKFVWGNASHCFK,4DHgTqGJe6,5
Sonata 7078SL02 Watch,WATE6NVSV5WVHAQX,4DHgTqGJe6,4
Lapguard HP Pavilion DV7-6000 Series 6 Cell Laptop Battery,ACCDSY8ESXF9AUHY,4DHgTqGJe6,2
Amatra Hand-held Bag,HMBEGE6TYFS9WN3C,4DHgTqGJe6,1
Belle Gambe Women Heels,SNDDYZ4XV6SZWZZY,hh3d75x9X1,3
Ruby Gas Cylinder Trolley,GCTEC9TZTFM8K8PH,hh3d75x9X1,1
Pepup PSRL-820 Round Fixed Speed Ladder,SDTEBPB9BP7FHFZV,hh3d75x9X1,1
Allure Auto CM 1696 Car Mat Toyota Innova,CRTECN2QSBAQ24DZ,hh3d75x9X1,1
OEM 170822 Bike Side Stand,BKAEGFWSYB7AXUJS,hh3d75x9X1,5
De TechInn Flexible wire powered by 13 USB Led Light,USGEDQPJS7KAZRXF,hh3d75x9X1,1
Belkin Basic Surf (N300) Router,RTRDFFYGKJAXPUUG,hh3d75x9X1,3
Via Italia Baby Girl's Gathered Dress,DREEGEYFETGCCZGH,wWFeOm2wIH,3
Arden Walker Derby Corporate Casuals,SHODYZ7NZ7UE9NYH,wWFeOm2wIH,5
Luba HD142 Antq Analog Watch  - For Men,WATE93RZKGEQEY7D,wWFeOm2wIH,4
Indigocart Plain Double Dohar Grey,BLAEE4V3X97TBZGY,wWFeOm2wIH,5
Glamor Hard Anodized Kadhai 4 L,PTPE33V4UFHHH9SP,wWFeOm2wIH,5
Sonata 87009SM01 Watch,WATE6S3AHZXW9GPK,wWFeOm2wIH,3
Warner Brothers Scooby Doo Cartton Characters Art Fabric Pencil Box,PBXE6677RB7H377Y,wWFeOm2wIH,3
Offspring Solid Single Blanket Peach,BLAE8BUKAAY8ZKMA,wWFeOm2wIH,3
Speedwav 240450 Sun Shade For Maruti WagonR,SUDEHYGVYJBUNY3A,wWFeOm2wIH,1
3a AUTOCARE Car Mat Toyota Etios Liva,CRTEA7HAJDHDXA9G,wWFeOm2wIH,2
Printland PMR1905 Ceramic Mug,MUGEBFGFKNEDH8MG,wWFeOm2wIH,2
"Italian Fashion wt262 Analog Watch  - For Girls, Women",WATEHYW2NGY59ZKC,wWFeOm2wIH,4
Swayambhu Showpiece  -  30.5 cm,SHIE5NJ6G6QXY5HE,wWFeOm2wIH,3
Allure Auto CM 1700 Car Mat Volkswagen Jetta,CRTECN2QUTDWFYGA,wWFeOm2wIH,2
MicroCotton Cotton Bath Towel,BTWE6PXJC3PPBVAW,wWFeOm2wIH,5
Tyfy ET-65E  Lens Hood,ACCEBGTK6A83CXAQ,DHnewWcLZe,2
SViRU Generic Photo Frame,PHFEGTJJ5HD9FYGF,DHnewWcLZe,2
Aardee Varsity Design Art Thick fabric Pencil Box,PBXECQZ6HRZWRFAQ,DHnewWcLZe,4
Sonata 1141YM22 Analog Watch  - For Men,WATDZ2ZQGTENGJDH,DHnewWcLZe,5
Mxofere Combo Rose Jasmine Almond Honey Aloevera Mixfruit Soap Kit,CBKEBVA8UFVHZDEC,DHnewWcLZe,2
PRINT SHAPES psychic Laptop Skin with Mouse pad Combo Set,LACEGEZDXJMYZFMA,DHnewWcLZe,4
"Noise NOSWW014 Grip On Analog Watch  - For Men, Women",WATDJYPXRGYP5XVT,DHnewWcLZe,1
Asics Gel-Kayano 22 Running Shoes,SHOEHEP5H5XGFZJY,DHnewWcLZe,4
IndianShelf 2 Drawer Spice Box Showpiece  -  11.17 cm,SHIEBFNPCGZERMJB,DHnewWcLZe,1
D-Link DWR-111-3G Router with WAN Auto Failure,RTRDTSBQW94HJ8VT,DHnewWcLZe,4
Foot Candy Boots,SHOEC898KWFVFESU,DHnewWcLZe,4
HMT 41045 Analog Watch  - For Men,WATDZT4HFBZ7SXZE,DHnewWcLZe,3
Bootwale Stylish Casual Shoes Casuals,SHOEJKRFZ5B2AZZZ,DHnewWcLZe,2
Fastrack 9297PP01 Sports Analog Watch  - For Men,WATD9H766HFJKMBM,DHnewWcLZe,2
"Nike 684658-003 Training & Gym Shoes, Running Shoes",SHOEHFH8RH7WHMZW,DHnewWcLZe,3
KLIQVIK SIX PORT USB HUB FOR SAMSUNG MOBILES TR-252 USB USB Hub,USGEDZF2UQ38HTJ5,DHnewWcLZe,1
Sasta 1 Compartments Wooden Pen Holder,DKOEDRRVZXRF3DRW,DHnewWcLZe,1
Tecnia TA 422FM 4.1 Home Theatre System,HTHEAZB2FUH9FVQE,Zuc7UtU1Jh,5
HM International Ultimate Spiderman Marvel Art Plastic Pencil Box,PBXE4WZJC3ZN8NFC,Zuc7UtU1Jh,3
Essart 0074B Makeup and Jewellery Vanity Box,VANE8QE8BYPPWHUU,Zuc7UtU1Jh,1
Malhar Niko Male Doll Showpiece  -  25 cm,SHIEY382SR75SXEY,Zuc7UtU1Jh,2
zDelhi.com Car Washer Z1 Ultra High Pressure Washer,CWRE84EDSKFE8KF5,Zuc7UtU1Jh,2
Hawkins Futura Hard Anodized Kadhai 2.5 L,PTPDVPEXXGZQMC2G,Zuc7UtU1Jh,4
Rockmantra Sonakshi Sinha Beautiful Look Ceramic Mug,MUGEAGGKSGCWPFTG,Zuc7UtU1Jh,2
Maxima 07591PPGW Aqua Analog Watch  - For Men,WATDVJNATRBF2C3W,Zuc7UtU1Jh,3
Allure Auto CM 1718 Car Mat Datsun Go+,CRTECN2QUZBANWHU,Zuc7UtU1Jh,5
Ace HEADPHONE291 Stereo Dynamic Headphone Wired Headphones,ACCEGNVAB72PPVYN,Zuc7UtU1Jh,3
Printland CMW1293 Ceramic Mug,MUGEACY7ZZFGP7BM,Zuc7UtU1Jh,3
Hoko Book Cover for Samsung Galaxy Note 10.1 SM-P605,ACCE2A66ZZTSN6UU,Zuc7UtU1Jh,1
Salt N Pepper 13-516 Greta Red Boots,SHODUMFYM8ZHSJBG,Zuc7UtU1Jh,2
Shezone Women Wedges,SNDEAYZZWRXJSFWH,Zuc7UtU1Jh,3
Neutron HR-06 Tempered Glass for Huawei Honor 6,ACCE8JV7WA69JWEW,h7cL8Sxt1O,4
Bagru Crafts Wall hanging of Lord Ganesha Showpiece  -  21.69 cm,SHIE954FZSSHYFGG,h7cL8Sxt1O,4
ShopMantra Che Guevara Revolution 2015 Desk Calendar,CLDE34YVWAJ8ZN6R,h7cL8Sxt1O,3
United United Magic Silver 5 Ltr 5 L Pressure Cooker,PRCEGHNC9C8MGPVK,h7cL8Sxt1O,4
Petshop7 PS7BED000401 L Pet Bed,PEBEBG4ZTGMHGSJM,h7cL8Sxt1O,3
Gigabyte GA-B85-MD3H-A Motherboard,MBDEFP93WQJBKTRY,h7cL8Sxt1O,1
Tescoma Presto Wheel Pizza Cutter,PACDZUDMCHKDHGXA,h7cL8Sxt1O,4
Chhota Bheem CB & Friends Printed Art Plastic Pencil Box,PBXE8GDHCSRVDNYP,h7cL8Sxt1O,4
Spalding Cross Over Basketball -   Size: 7,BALDMEYGGYHCZFQK,h7cL8Sxt1O,4
AdroitZ Exclusive Barbie Doll Sunshade / curtain (set of 2) for Maruti Ritz Sun Shade For Maruti Ritz,SUDEGGATMGZYFZXH,h7cL8Sxt1O,5
"Q&Q VQ13-008 Analog Watch  - For Girls, Boys",WATDUHDBDTTVEMWS,h7cL8Sxt1O,2
Flipside Flip Flops,SFFEHW2M3MDMQQGD,iTNUUhRSCK,5
Get Glamr Designer Snowra Boots,SHOEC8QGTYTSYHRC,iTNUUhRSCK,4
Raw Hide Women Wedges,SNDEFS7QNHMY8NG7,iTNUUhRSCK,2
Myesquire Blue Green Aroma Burner Combo Lemongrass Liquid Air Freshener,AIRE98PZEWXEQFVC,iTNUUhRSCK,1
Mxofere Combo Rose Papaya Lemongrass Sandal Turmeric Jasmine Soap Kit,CBKEBVA8B4SZJVKY,iTNUUhRSCK,4
Foot Candy Girls Sandals,SNDEHKGNTBHM4MZD,iTNUUhRSCK,5
Harshit Footwear Women Heels,SNDE9TK26RTFHUXH,iTNUUhRSCK,5
Get Glamr Designer Yuvu Boots,SHOEC8QGMZ3UJFTG,iTNUUhRSCK,3
"Italian Fashion wt278 Analog Watch  - For Girls, Women",WATEHYW2RTHHJSFC,iTNUUhRSCK,3
Real Madrid No 7 Gift Set,CAGDZVGTV3SMMMBY,iTNUUhRSCK,4
Metro 32 Women Wedges,SNDDTY8HHGHCR4ZG,hL0EIK7UPl,1
The Intellect Bazaar Cotton Cartoon Single Bedsheet,BDSEGG8BKWBVMPZK,hL0EIK7UPl,4
Com-Paint Decor Paint Spray Paint Bottle,PTSE4ZHEZTF7UYNK,hL0EIK7UPl,5
Allure Auto CM 1896 Car Mat Hyundai Sonata Embera,CRTECN2QWCYT99YB,hL0EIK7UPl,4
Rega IT Hp Compaq 464059-001 464059-121 8 Cell Laptop Battery,ACCDXFPFEDJCKQJ3,hL0EIK7UPl,1
Shop & Shoppee Combo of Dancing Robot & Princess Doll,MTYEGZ5ZCWFARE5X,hL0EIK7UPl,5
NEWGEN TECH EO-HS3303 154 Wired Headset,ACCEGG9Z5UB2JZYH,hL0EIK7UPl,3
Quartz 15265662 Smart Watch Strap,SBWEEFZSFDPHFEKM,hL0EIK7UPl,5
Allure Auto CM 1414 Car Mat Volkswagen Beetle,CRTECN2QZSZMM3YJ,hL0EIK7UPl,2
SHOPOJ 50 Sky Lanterns Yellow Paper Sky Lantern,LTNEHQSQZV6EGAZZ,hL0EIK7UPl,5
next steps Baby Girl's Printed Top & Pyjama Set,NSTEG48QAMBSKRXW,hL0EIK7UPl,4
CB Fashion 108-121 Analog Watch  - For Women,WATEE853PGNPCXW5,hL0EIK7UPl,3
Sathiyas Cotton Bath Towel,BTWEGFZHGBXPHZUH,cCJT1HYMgm,2
domestiq Slippers,SFFEHWF4HP7HGYUH,cCJT1HYMgm,3
Pet Club51 PC296 M Pet Bed,PEBEDMZDAWGX9BXT,cCJT1HYMgm,4
SF by Sonata 7957PP06 Watch,WATDZ2ZQKHQKZGGT,cCJT1HYMgm,2
Ruhi's Creations Cotton Floral King sized Double Bedsheet,BDSEGJBRDTHP5VMS,cCJT1HYMgm,5
Pure Play Pulse Canvas Shoes,SHOEGHKABZ66JWWC,cCJT1HYMgm,2
Allure Auto CM 952 Car Mat Renault Koleos,CRTECN2QYKFNFXCZ,cCJT1HYMgm,1
Lawman Pg3 Persion Loafers,SHOE5DFVH4RX6YAF,jnWyEmsj6f,4
Carl 3346-1-Cheetablue Boots,SHOE32FUXGXGBB5Z,jnWyEmsj6f,4
Lal Haveli Rajasthani Handmade Decorative Wood Jharoka Showpiece  -  30.48 cm,SHIE9J6PFKPDMEGK,jnWyEmsj6f,2
Prestige Nakshatra Alpha 7 L Pressure Cooker,PRCEFR7WX4AFUXZN,jnWyEmsj6f,4
Allure Auto CM 541 Car Mat Tata Indigo CS,CRTECN2QXZCWFWHR,jnWyEmsj6f,4
Baltra Kadhai 2.1 L,PTPE93ZFQMYVXCTJ,jnWyEmsj6f,1
ANAND ARCHIES Slippers,SFFEGNVMHRPGZKQN,jnWyEmsj6f,1
TIMBERLAKE Slim Fit Fit Women's Brown Jeans,JEAEGE8RZKMRFFYN,jnWyEmsj6f,1
Nillkin Amazing H Tempered Glass for Htc Desire 516,ACCECMYMWEKHADVG,jnWyEmsj6f,1
"ABEEZ Boys, Men, Girls",WTBEJZNYZESBJZRT,kxwKdEoOL3,2
Timewel 1100-N1949_S Analog Watch  - For Women,WATE2FAHSMPK4TPR,kxwKdEoOL3,5
"Explore Embedded Tit, a supercharged Arduino Pro Mini with Atmega328pb",ETYEJGWZX9U43GKT,kxwKdEoOL3,5
Yardley 2 Combo Set,CAGE52QH9EBHJ4ME,kxwKdEoOL3,4
Wave Walk Simple and Elegant Slip On Shoes,SHOEYCD7A2XQNBEY,kxwKdEoOL3,3
Legmark Slim Fit Women's Light Blue Jeans,JEAEGGDJSGBFYYDF,kxwKdEoOL3,5
ARB L08O6C02 6 Cell Laptop Battery,ACCE6YRAHZCTEFXH,kxwKdEoOL3,2
Pepe Jeans Wayfarer Sunglasses,SGLEJ56EJCFSKJTY,kxwKdEoOL3,4
Abee 36 inch Multicolor Rice Lights,RCLEE2NJGGZXXA3Q,kxwKdEoOL3,4
Bracevor Laptop Case for Apple Macbook Pro Retina 13.3 inch,ACCEEH83SVZBGGHW,kxwKdEoOL3,5
Allure Auto CM 1668 Car Mat Skoda Rapid,CRTECN2QWVFTBZZS,kxwKdEoOL3,2
MCB Exports Jheel Decorative Brass Surahi Showpiece  -  36 cm,SHIECQHNRRBCFBFG,kxwKdEoOL3,3
Sonata 87009SM02 Watch,WATE6S3AMDGT5PVG,kxwKdEoOL3,3
RED HORSE Sneakers,SHOEGP2X3GMKZVES,owCgsdS9rD,4
Homedesires Showpiece  -  10.5 cm,SHIECV5BYUZEQJT7,owCgsdS9rD,5
Columbus Men Sandals,SNDEGAJFFK2KKKRF,owCgsdS9rD,4
AKUP i-love-stories Ceramic Mug,MUGEGZUJBNU4Y2CH,owCgsdS9rD,1
Arden Terry Derby Boots,SHOEC889YRPAN6YV,owCgsdS9rD,5
"Primes Boys, Girls Sandals",SNDED4G9SBG4BZY7,owCgsdS9rD,3
Allure Auto CM 842 Car Mat Toyota Etios Liva,CRTECN2QZFVWFX3S,owCgsdS9rD,3
Sygtech CL-11 CB-155 USB Cigarette Lighter,USGE7U5M7HUUVV2Q,owCgsdS9rD,2
Zotalic Shri Sai Baba Showpiece  -  11 cm,SHIE789RCGD4JQT8,owCgsdS9rD,1
Bosch 2 607 001 528 Extra Hard Screwdriver Bit Set,SBSDUTY7VSABNSCK,owCgsdS9rD,1
eSms Squirt-Water-Gun01 1 L Hand Held Sprayer,GSPEGXZ27HWXZGDN,owCgsdS9rD,5
Allure Auto CM 1142 Car Mat Chevrolet Optra,CRTECN2QZWN42H2A,owCgsdS9rD,1
Zoot24 Casuals,SHOE9KBPPWVHFNPK,owCgsdS9rD,3
Prithish Merry Christmas Design 4 Double Color Ceramic Mug,MUGEB7J7SPWJTRDC,owCgsdS9rD,1
Casa Copenhagen Set of Towels,BTWE4GQS9TZHKHY4,owCgsdS9rD,4
Anshuhandicrafts ASHCF133 Showpiece  -  6.35 cm,SHIEH5UDAPUFJFNP,owCgsdS9rD,2
HuppmeGift Happy Birthday Navneet Inner Red Ceramic  (350ml) Ceramic Mug,MUGEJGRR47ZRZA9R,owCgsdS9rD,2
SVM Diamond321 New Analog Watch  - For Girls,WATE8EGFYTPZYMBR,owCgsdS9rD,3
Unique Design Brass Handpump Showpiece  -  23 cm,SHIE8M4ZWWF7EKN4,E7EBZ0VCrn,2
Allure Auto CM 1142 Car Mat Chevrolet Optra,CRTECN2QZWN42H2A,E7EBZ0VCrn,4
Small Toes Bellies,SHOEF6Z8EMKP2HAS,E7EBZ0VCrn,5
Sasta 1 Compartments Wooden Pen Holder,DKOEDRRVZXRF3DRW,E7EBZ0VCrn,3
Gravolite Meditation Yoga Blocks,YBKEHB3YAPPZEPHK,E7EBZ0VCrn,2
Nickolas Stylish Casual Bellies,SHOEHUFGKDNFFY6H,E7EBZ0VCrn,2
Storite Portable Flexible Stick Dimmable Touch Switch 10 Super Bright B015CK4PI0 USB Led Light,USGEBAA9BYCSYQ4H,E7EBZ0VCrn,2
VAGON Girls Sandals,SNDEH2EHSJXVGZRR,E7EBZ0VCrn,4
Woodman Steel Car Bumper Guard,CDBECMHBGTVV5XAQ,E7EBZ0VCrn,3
ShopSince Yoga and Exercise Mat (4mm) Yoga Green 4 mm,SMTEHY6TJHJEBMBJ,E7EBZ0VCrn,1
"palito PLO 149 Analog Watch  - For Girls, Women",WATEHZP3ZA9YT99G,E7EBZ0VCrn,1
Vetra E00TY71 Multifunction Car Tray For Hyundai Elentra Cup Holder Car Tray Table,CTTEH9FW6SHV8ZYG,4keaYA4Pbm,1
"Digilight 200 inch Blue, White Rice Lights",RCLEYW4P9GHDHBFR,4keaYA4Pbm,3
Speedo Logo Panel Aquashort Graphic Print Men's,SWIEH37JZCRUTUD2,4keaYA4Pbm,2
Puma Adreno FG Jr Sports Shoes,SHOEFFHZZGWGNZSE,4keaYA4Pbm,1
Sicons All Purpose Tea Tree Dog Shampoo,PSOEH3ZYYFETGCCD,4keaYA4Pbm,2
"Primes Boys, Girls Sandals",SNDED4G9SBG4BZY7,4keaYA4Pbm,4
"Transtal 'Triangle' Corner 8"" Acrylic Wall Shelf",RSFEHYBRPRRCKZQM,4keaYA4Pbm,4
"SwissFire 504sl001 Analog Watch  - For Girls, Women",WATEA2H8FTBKZGGG,4keaYA4Pbm,4
Sonata 7089SL01 Yuva Analog Watch  - For Men,WATDA5ZAYCZRQQXH,4keaYA4Pbm,3
TF Home Decor Book Cover for Samsung Galaxy Tab A 8.0,ACCEDQPJNCJARHVX,4keaYA4Pbm,5
"ABEEZ Boys, Men, Girls",WTBEJZNYZESBJZRT,4keaYA4Pbm,1
Accessoreez Headlight LED Bulb for  TATA PRIMA,VLBEJKMQNYGFDJWN,4keaYA4Pbm,5
Gift Island AST906 Analog Watch  - For Women,WATE9ZYZRREUHQN4,4keaYA4Pbm,1
Perucci PC-501B & PC-226 Decker Analog Watch  - For Men,WATE6SDQDBQRCZMG,4keaYA4Pbm,5
COIRFIT Single Coir Mattress,BEMEGFHSDCNRX9SG,4keaYA4Pbm,5
Tenda N60,RTRDNGVMSXKSREUJ,4keaYA4Pbm,5
Aroma Comfort Polyester Pink Printed Eyelet Long Door Curtain,CRNEG8D8ZQSUYB8Y,4keaYA4Pbm,1
Faith Leenise 1000137 Women Heels,SNDEFR96XHDY6ZKH,4keaYA4Pbm,2
Neo Classic NC11-5004_G Analog Watch  - For Women,WATDNA7SJNHR6YB9,4keaYA4Pbm,4
UFO Self Design Round Neck Casual Girl's Sweater,SWTEC893HAYEAWHV,4keaYA4Pbm,4
Earthrosystem Cotton Bath Towel,BTWEDGKCQMTW6VFZ,SYf8iHqJkz,4
Soy Impulse LED Bulb,BLBE2GTCQEHHRMC9,SYf8iHqJkz,2
FRENEMY MPAD288 Mousepad,ACCEGCATKHNRXUHW,SYf8iHqJkz,1
Cm Treder cm h4 light 145 Motorbike LED Bulb,VLBEHHW9HGUYFJAX,SYf8iHqJkz,5
Dizionario MEEN111213,MNKDNW49THH74PVT,SYf8iHqJkz,4
Naaz Tic Tac Toe mini Board Game,BDGEGEGCZ5ZDXBX9,SYf8iHqJkz,4
Home Fashion Gallery Polyester Light Blue Floral Eyelet Door Curtain,CRNECTCNWCSWPU4H,SYf8iHqJkz,5
Allure Auto CM 525 Car Mat Renault Duster,CRTECN2QZ7XUGBR6,SYf8iHqJkz,3
Nutcase Sticker Wrap Design - Lucky Elements 800 ml Bottle,BOTEANCHDNKDTKGH,SYf8iHqJkz,1
Lal Haveli Beautiful Decorative Jaipur Wood Colorful Jharoka Photo Frame Showpiece  -  30.48 cm,SHIE9J6PZPTRFV4Z,SYf8iHqJkz,3
Balujas Women Heels,SNDEDKKXNZZMDVAE,SYf8iHqJkz,4
"Sentinel Braveact Eren Jaeger ""Attack On Titan"" Model Kit",AFGEFJSH59XSEMVH,SYf8iHqJkz,5
Radongrow Coco Peat Disc-570 Plant Container Set,PCSEBZQ5GMBXZFCF,SYf8iHqJkz,4
Generix Android Smart Phone OTG OTG Cable,ACCEGKFG5VWCR3JG,cLOnOQiRr2,1
"Firangi Cotton, Polyester Free Floor Mat Firangi Designer Diamond Door Mat",MATE49ATUKJUVFW4,cLOnOQiRr2,4
Prithish Strength You Need For Tomorrow Ceramic Mug,MUGE6ZDZUCAYFRFF,cLOnOQiRr2,3
SHOPOJ White Paper Sky Lantern,LTNEHQSPYGMPTZVV,cLOnOQiRr2,1
Studio 9 Mash Platform Women Wedges,SNDE5HENGYQVEAN9,cLOnOQiRr2,3
Ezee Citrus Lime Extract 100 Wet Wipes,FLTEJT2YH3JENHHK,cLOnOQiRr2,2
Pindia Apple Macbook Retina 15 15.4 Inch Me293hn/A & Me293ll/A HDMI White Anti-dust Plug,ADPE9TFCUY5Z8ZH2,cLOnOQiRr2,3
Inatur Herbals Hand & Nail Cream,MNKE24MA8KWPREQT,cLOnOQiRr2,2
Taaza Garam 6 Axis Seeker 2.4GHZ Remote Control Drone,RCTEE9GGHDFFWEF9,cLOnOQiRr2,2
IndianShelf Knobs Ceramic Cabinet/Draw Knob,KBHEGPKX86TJTTFY,cLOnOQiRr2,4
3a Autocare 3D MAT Car Mat Suzuki New Swift,CRTE8389HNP2UHPT,cLOnOQiRr2,1
ARRA Fabric 3 Seater Sectional,SOFEE2TZENKKKYY7,cLOnOQiRr2,3
Green House Rajasthani-Female Showpiece  -  23 cm,SHIE8WJTK9BCBMGU,cLOnOQiRr2,1
Biceps Triceps Hexagonal Fixed Weight Dumbbell,DBLE5GN47ZHKCCCN,cLOnOQiRr2,1
Dungri India Craft Ducjug010-ducgl012-2 Jug Glass Set,JGTECTXNJJFCUCJK,cLOnOQiRr2,4
Nourish Cardboard 2-O- Folder,FAFEG28UFPZKPGUZ,cLOnOQiRr2,1
Bela Home Cotton Cartoon Single Bedsheet,BDSEGZCDGH2PU6YZ,cLOnOQiRr2,2
Asus DSL-N12E 300 Mbps Wireless ADSL Modem Router,RTREFH7UWNEQDHAY,BKhcNqGXx8,3
Nova Professional NHC-5916 Trimmer For Men,SHVEGZUHGVYZBRW8,BKhcNqGXx8,5
IaD Organic Compost Soil Manure,SMNEGHFDXTMHVNJE,BKhcNqGXx8,4
Saviour HPSAV FR SS1 RE Freedom With Ratchet Red Construction Helmet,SHMECRM3YRFDHSZS,BKhcNqGXx8,3
Data cable HDTV 15mtr VGA Cable,ACCEHXRE4NHTCJBU,BKhcNqGXx8,4
Intel 1.8 GHz LGA 1155 Celeron G460 Processor,PSRD7NKJGFMGAZQG,BKhcNqGXx8,5
"LAWMAN PG3 Striker, Contender, Freestyler Deodorant Spray  -  For Men",DEOEG9GYZZAFPDPC,BKhcNqGXx8,2
NEHP NEH003 Showpiece  -  7.62 cm,SHIEFFFPDETWTWZR,BKhcNqGXx8,4
Cotonex Pink Cotton Kitchen Linen Set,KLSEGWJVFRENNTGU,BKhcNqGXx8,1
Yale YDR3110 Smart Door Lock,SLOEBHYNHETSRBXN,BKhcNqGXx8,2
Monil Cow With Calf Showpiece  -  10.2 cm,SHIEAF2JJFSBXFMH,BKhcNqGXx8,3
Canon EW-83J  Lens Hood,ACCDGZDM9MQUUKER,BKhcNqGXx8,4
Fluid FS201-BL01 Analog-Digital Watch  - For Women,WATDUK7DKS6AJZYK,BKhcNqGXx8,5
Allure Auto CM 1747 Car Mat Hyundai Fluidic Verna,CRTECN2QZH8B4DYY,BKhcNqGXx8,3
"Italian Fashion wt276 Analog Watch  - For Girls, Women",WATEHYW2NN8YBDYZ,BKhcNqGXx8,3
"Fastrack 3062PP19 Tees Analog Watch  - For Men, Women",WATDEWZ9UHSEHGZG,BKhcNqGXx8,3
Dolphin gallery No No Art Plastic Pencil Boxes,PBXECYZGYWAKWHK8,aM22uQyLov,4
Allure Auto CM 1128 Car Mat Toyota Innova,CRTECN2QZZKPWSKP,aM22uQyLov,3
Aero Care Royal Image Black & Love Violet Combo Set,CAGE8PKGWFENXJAZ,aM22uQyLov,1
Vetra E00TY19 Multifunction Car Tray For Maruti Suzuki Cup Holder Car Tray Table,CTTEH9FTNJRCRDHX,aM22uQyLov,4
APS Sleeve for Datawind Ubislate 10Ci Tablet,ACCE5K5HZVHYCQHY,aM22uQyLov,4
"Aasaan Heavy Duty Scrub Pads (L), 10 pcs and Sponge, 5 pcs Home Cleaning Set",HCSEHGV96WXQCBN9,aM22uQyLov,2
Cratly 5I Vase Filler,VAAEGPSQHXCY7WVF,aM22uQyLov,5
Adreno 1906 Loafers,SHOEFDVVFH5WUUMN,aM22uQyLov,5
Klassik Animal Embroided Art Soft Fur Pencil Box,PBXE8GCDESXMGVNM,aM22uQyLov,3
"3wish CUR-BLUE Silver Blue 8023 Analog Watch  - For Boys, Men",WATECE855W5YFE3H,aM22uQyLov,4
The House of Tara Distress Finish Canvas 20 L Backpack,BKPEGUJHQSJUZBVF,aM22uQyLov,3
Homeshopeez Double Side - Green - Mgt Character Art Plastic Pencil Box,PBXEBESSDYBYUGXT,aM22uQyLov,5
Allure Auto CM 1701 Car Mat Volkswagen Passat,CRTECN2QWKHRNPTF,aM22uQyLov,1
Pinq Chiq Women Heels,SNDE6VTHVHHK7KKF,aM22uQyLov,3
Aroma Care Intense Color Nail Polish Combo 175027 49.5 ml,NLPEGUMZWFSEZSHZ,aM22uQyLov,5
Krazy Fitness Plus Home Gym Gym & Fitness Kit,KITEDNZ4WSP8YQFZ,aM22uQyLov,5
ZOSIGN Men Sandals,SNDEJMNRQZNK6TSA,aM22uQyLov,2
Edit One Romance Dog Cartoon Art Plastic Pencil Box,PBXED9Q2HJJNMWMM,aM22uQyLov,4
AMY Abstract Colorful Art A5 Notebook Spiral Bound,DIAE7QHERTDGHTGH,aM22uQyLov,5
Allure Auto CM 1331 Car Mat Hyundai Verna Fluidic,CRTECN2QVUET9PQ8,aM22uQyLov,5
"Addiction Rio,Hawaii Combo Set",CAGE644DAZMN4V27,qLwv2EQUSA,1
Rega IT Hp Pavilion DV9751XX DV9752EO 65 Adapter,ACCDWJ8US3VAZSH8,qLwv2EQUSA,1
Alda 3 Ply SS Lid Pan 26 cm diameter,PTPDVPEXQ88YHBEE,qLwv2EQUSA,4
SNE Book Cover for Lenovo Tab 2 A7-10,ACCEB7BXG7FS2EHS,qLwv2EQUSA,2
Unique Collections Jacquard Sofa Cover,SLIEHUFGN6EAJZZV,qLwv2EQUSA,5
Xemex ST1025SL07 New Generation Analog Watch  - For Women,WATE6KYGHHMDFFMK,qLwv2EQUSA,1
Thalgo Age Defence Sun Lotion - SPF 30 PA++,SNRE6RN4WM64VEVP,qLwv2EQUSA,2
Style Homez Polka Cushions Cover,CPCEGHG364F5SC6A,qLwv2EQUSA,3
Maxima 06896LMGY Gold Analog Watch  - For Men,WATD9H76UHVYGDPA,qLwv2EQUSA,1
Allure Auto CM 1668 Car Mat Skoda Rapid,CRTECN2QWVFTBZZS,qLwv2EQUSA,4
Memore Portable MMULL-Pink USB Led Light,USGEE3GCYYWX5ECP,aI09W7quYh,4
Lovely Chick Loafers,SHOEGYDBGXNWFRJA,aI09W7quYh,5
Rex School Shoes,SHOE83BTZFSTW9FD,aI09W7quYh,5
Cello Grind-N-Mix 500 550 W Mixer Grinder,MIXEFUMYMTKP6DQC,aI09W7quYh,4
Solester Women Wedges,SNDEBN35NMSCC52E,aI09W7quYh,2
Allure Auto CM 1002 Car Mat Chevrolet Sail UVA,CRTECN2QZ6S5X2QN,aI09W7quYh,3
Wellon Fittings set (16 pieces) for RO Water Purifier Solid Filter Cartridge,WFCEHYZMGJQWVVZU,aI09W7quYh,1
Printland PMBA1922 Ceramic Mug,MUGEBFGFCWPFX4SZ,aI09W7quYh,1
Allure Auto CM 309 Car Mat Ford Ikon,CRTECN2QXYBNFZGT,aI09W7quYh,3
Belson Black High Quality Comfort Slip-On Women Wedges,SNDE6GFVKTW2HXRN,aI09W7quYh,5
Timewel 1100-N1934 Analog Watch  - For Women,WATE2FAH5NM8VY5A,aI09W7quYh,3
Fastrack 9297PP01 Sports Analog Watch  - For Men,WATD9H766HFJKMBM,aI09W7quYh,2
Canon Toner Cartridge 416 Black,INKDYVCRYMNQAZKR,aI09W7quYh,3
Divine Gifts & Artificial Jewellery Shanker Blue Showpiece  -  7.5 cm,SHIEA33PFVZWGR3Q,aI09W7quYh,2
Allure Auto CM 1806 Car Mat Renault Scala,CRTECN2QVFHNA9J8,aI09W7quYh,5
Ryka Ben 10 Cartoon Art Rexine Cloth Pencil Box,PBXE9YWGPHCMHZU6,GdJ0Umouss,3
Rajesh Digital BEST DAD 107 Ceramic Mug,MUGE9ZVGGRKZBUUA,GdJ0Umouss,4
Techone+ Flexible SE122014-VIOLET USB Led Light,USGEDDUFPQBYH6GY,GdJ0Umouss,4
Clublaptop Sony VGN BPS22/BPS22A 6 Cell Laptop Battery,ACCDPDJVGNGNX7QE,GdJ0Umouss,5
Sonata 8925YL02 Analog Watch  - For Women,WATDZ2ZQGEYGQCFX,GdJ0Umouss,1
Primes Girls Sandals,SNDEBHZUXA7JDEZZ,GdJ0Umouss,5
Disney Cars Cartoon Art Metal Pencil Box,PBXE5YG7PP43XU5S,GdJ0Umouss,3
Redbag Standing Beauty Sculpture BS0240 Showpiece  -  43.18 cm,SHIEFZ2GJGAHATFG,GdJ0Umouss,1
Blanket Zone Printed Single Quilts & Comforters Multicolor,BLAEEB88PCH2DKHD,GdJ0Umouss,2
Finesse Loafers,SHOE794VVTGBADKW,GdJ0Umouss,5
"palito PLO 166 Analog Watch  - For Girls, Women",WATEHZPFAPQKUASQ,TUnYN9IVMU,4
AdroitZ PREMIUM Orange & Black Bike Body Cover For Hero Glamour Two Wheeler Cover,TWCEGVM8ZBEPBH5G,TUnYN9IVMU,4
GANPATI WHOLSALER Apple Iphone 6/6 Plus Apple Iphone 6/6 Plus USB USB Cable,USGEDB2GDGTAWBPX,TUnYN9IVMU,4
Aeoss Portable Car Air Vent Mount For Mobiles Phones Black,ACCE87C2Q7Y7YARB,TUnYN9IVMU,5
Hm International Note Book A5 Diary Hard Bound,DIAEEUAM8QXHB7BD,TUnYN9IVMU,2
Evana Amazing Unisex Stainless-Steel Push-up Bar,BAAEGHPNYQ5JMZNZ,TUnYN9IVMU,1
Allure Auto CM 1178 Car Mat Hyundai Eon,CRTECN2QSWVMMX4U,TUnYN9IVMU,3
Allure Auto CM 396 Car Mat Tata Indica,CRTECN2QYJGSFZMP,TUnYN9IVMU,4
Smartcraft Angry Birds Cartoons Art Metal Pencil Box,PBXE9WEVHF3ZBQHW,TUnYN9IVMU,4
Nivea Fresh Power Boost Deo Combo Combo Set,CAGDY9Q7HSNDHGFC,TUnYN9IVMU,3
BMS Lifestyle Book Cover for Apple iPad Mini C157,ACCE5Y8GR7YP7WVT,TUnYN9IVMU,4
Timer TC_-_690143 Analog Watch  - For Boys,WATEAYYG5EDFWTCS,TUnYN9IVMU,4
"Breitling AB011010/BB08 131S Chronomat 44 Analog Watch  - For Boys, Men",WATE9DX9E4YSRJSY,TUnYN9IVMU,5
Yardley Secret Crush Combo Set,CAGE6FYK6VKUMRTT,TUnYN9IVMU,2
Wonderland Plant Container Set,PCSE9HAGNAGPMDMX,TUnYN9IVMU,1
Prime Printed 6 Seater Table Cover,TCVEHSMY2TNTCKNC,TUnYN9IVMU,5
Indidecor Double Magic Magnet Slate,ETYEFRFG7G6FKP8H,TUnYN9IVMU,4
Balujas Tokiyo Loafers,SHOE4K54VP44KTZK,TUnYN9IVMU,2
WEIDELI REDBP002 45 L Backpack,BKPEGZCCZ7FCKTSZ,TUnYN9IVMU,4
Zyaden Oval Sunglasses,SGLEJXMTFUK7ZNEG,TUnYN9IVMU,1
Balujas Tokiyo Loafers,SHOE4K54VP44KTZK,PCfF0VMKia,2
Twin Slippers,SFFEHUBYNBCUKGTD,PCfF0VMKia,2
Metro 35 Women Wedges,SNDDTY8GVBAT7BHC,PCfF0VMKia,5
Radongrow Plant Container Set,PCSEBHMYCGD9W5HE,PCfF0VMKia,1
Moulin Roty Les Petittes Merveilles Nighttime Shadows Castle / 9,AFGEFM63KZJ577GG,PCfF0VMKia,5
"Auto Power Gold Butyl Auto Tube 4 Wheeler For Indica, Qualis,Honda",TYREFD6AWWB37SUB,PCfF0VMKia,5
HRS ULTIMATE BOY Elbow Pads,PADEHZFHGHFQJAXV,PCfF0VMKia,2
Kanu Flip Cover for Acer ICONIA B1-720-81111G00nki,ACCE6QH4UHRE7WHQ,PCfF0VMKia,5
Priya Exports Kitty Cat Art Fabric Pencil Box,PBXEAKZX7HHMGCFA,PCfF0VMKia,4
Sathiyas Cotton Bath Towel,BTWEGFZHGBXPHZUH,PCfF0VMKia,2
Allure Auto CM 66 Car Mat Mahindra Xylo,CRTECN2QTUGVFTJ8,ZX0k1Y5YLU,3
Fly U Slim Fit Fit Women's Brown Jeans,JEAEHYZRRZDZZNWT,ZX0k1Y5YLU,5
Oly Two Fit Fit Women's Dark Blue Jeans,JEAEGF6N2YHEFV6J,ZX0k1Y5YLU,1
Durian BID/32625/A/3 Leatherette 3 Seater Sofa,SOFE9FS5PGNNQV9N,ZX0k1Y5YLU,2
Aakar Floral Cushions Cover,CPCED8FBGJ8ZR2XA,ZX0k1Y5YLU,2
ABSTAR LIGHT 30 L Backpack,BKPEGZC2B9WHH3U3,ZX0k1Y5YLU,4
KalaSanthe Wheel Of Life And Procession In Saura Art Canvas Painting,PTGE9A8S8HXQFFFV,ZX0k1Y5YLU,2
Printland PMR1032 Ceramic Mug,MUGEBFGFYQPGRQ7Z,ZX0k1Y5YLU,3
Shyam Fashion Brass Vase,VASEHGT4M8S5H94Y,ZX0k1Y5YLU,4
Flippd FDLSP1507 Analog Watch  - For Women,WATE3HFNMGVTZEDS,ZX0k1Y5YLU,4
Charu Fashionz CER6 Showpiece  -  33 cm,SHIEBQF6VHTX2HYZ,ZX0k1Y5YLU,4
Cara Mia Women Wedges,SNDE8X2RJ4GBHSCN,ZX0k1Y5YLU,4
Dicapac Grip Back Cover for Galaxy Note,ACCDSWHWFDAK95ZT,NF14gVajx0,3
Fastway Book Cover for Acer Iconia One 7 (B1-760) HD,ACCECR24JGSPKHDG,NF14gVajx0,1
Port Alex-Brwn Loafers,SHOEAVZPFZTFHHRP,NF14gVajx0,2
Allure Auto CM 739 Car Mat HM Ambassador MPFi,CRTECN2QXAPEWXSF,NF14gVajx0,2
ACCESSOREEZ Premium Locking Device For Hero Splendor Plus Helmet Lock,HLKEF8NMH6WWMZF7,NF14gVajx0,4
Tenda 3G300M,RTRDNGVMRQ63YU54,NF14gVajx0,2
Prithish I'm A Mom. What'S Your Superpower? Red with Blue Bubbles Double Coloured Ceramic Mug,MUGE5PZ6NQHW7GZY,NF14gVajx0,4
ACM TEM1161 Tempered Glass for Huawei Honor 6,ACCE5RZ9BK7EJK5P,NF14gVajx0,1
Erre Otto Kapsted Slip On Shoes,SHOE9TBZFYZQGYRT,bwQNT5NOMs,4
Angel Women Wedges,SNDE9UM9JYQ4XQGU,bwQNT5NOMs,4
Tatvaarts Bullock Cart ( Big) Showpiece  -  13.97 cm,SHIEBZB4JHGWHX5Z,bwQNT5NOMs,2
Bootwale Walking Shoes,SHOEJ2HRVFFHEMXY,bwQNT5NOMs,5
JLRS Bumper Case for HP Slate 6 Voice Tab|HP Slate 6 Voice Tab,ACCECA55HRCW6W8K,bwQNT5NOMs,4
Belle Gambe Boots,SHOEC9FZ3BAF7ASF,bwQNT5NOMs,3
AdroitZ Exclusive Barbie Doll Sunshade / curtain (set of 2) for Tata Indica small type 3 Sun Shade For Tata Indica,SUDEGGATFPGVDHXA,QC8qYUysS9,2
Richfeel Sunshield - SPF 30 PA++,SNRE4F2GBWVF6UKR,QC8qYUysS9,5
TERATONIC DT8220 INFRARED Thermometer,DTHEHTAZPGKDZXWH,QC8qYUysS9,4
Allure Auto CM 1689 Car Mat Toyota Camry,CRTECN2QZ8T7W8B5,QC8qYUysS9,1
Maxima 24864LMGY Analog Watch  - For Men,WATE26J7ZMQDQGZN,QC8qYUysS9,2
Nendoroid Vocaloid Miku Hatsune 20,AFGEFJSDHHYRHQ25,QC8qYUysS9,4
"Jovan Live It Combo's In Deo The Pure Musk Body Spray  -  For Girls, Women",DEOEGBBNEYMEK7D3,QC8qYUysS9,4
Shoekool Women Wedges,SNDEBJGXWMQBH98F,QC8qYUysS9,4
Kosher Kadhai 1.4 L,PTPEANCHYHSGUGMF,Jsxl2lL0UJ,1
Dell Sports Laptop Backpack,BKPE25GC2ZFVGGNU,Jsxl2lL0UJ,2
Nourish Cardboard 2-O- Folder,FAFEG28UFPZKPGUZ,Jsxl2lL0UJ,5
Pet Club51 PC231 L Pet Bed,PEBEDMZD5CCAHTDK,Jsxl2lL0UJ,5
CarSizzler Car Storage Bag,CAHEGE3SQCAEJE4R,Jsxl2lL0UJ,2
Treasure Trunk Set of 3 Regular Note Pad Adhesive Bound,DIAEB4YS4AX9AYQX,Jsxl2lL0UJ,1
Jovees Anjeer & Carrot Sunblock (Pack of 2) - SPF 45,SNRDZHPMS2JSVHG5,g1L7b3X5RS,2
Ritco lhst2 Faucet Set,FSEEHAGG8YHVYGEB,g1L7b3X5RS,2
Pindia Set of 3 Lazy Mobile Holder Accessory,ACCE5ZCYYWU7ZX5P,g1L7b3X5RS,4
Prestige Deluxe Plus 10 L Pressure Cooker,PRCDXZP2ZFHQHUH7,g1L7b3X5RS,3
Petrol PMW93B4 Analog Watch  - For Men,WATEF3HQQCVQCJN7,g1L7b3X5RS,4
Aroma Comfort Polyester Multi Color Striped Rod pocket Long Door Curtain,CRNEGE2TQ7EBFE4Z,g1L7b3X5RS,2
"Foot Furnish Girls, Women Wedges",SNDEHTGCH7GVZGZF,g1L7b3X5RS,1
